<?xml version="1.0" encoding="UTF-8"?>

<CHAT xmlns:xsi="http://www.w3.org/2001/XMLSchema-instance"
      xmlns="http://www.talkbank.org/ns/talkbank"
      xsi:schemaLocation="http://www.talkbank.org/ns/talkbank https://talkbank.org/software/talkbank.xsd"
      PID="11312/c-00046597-1"
      Version="2.14.0"
      Lang="ron"
      Corpus="Avram"
      Date="2002-08-12"
      >
  <Participants>
    <participant
      id="CHI"
    name="Antonio"
      role="Target_Child"
      language="ron"
      age="P3Y05M19D"

      birthday="1999-01-14"

    />
    <participant
      id="MOT"
      role="Mother"
      language="ron"
      sex="female"

    />
    <participant
      id="LAR"
    name="Larisa"
      role="Investigator"
      language="ron"

    />
  </Participants>
  <comment type="Date">12-AUG-2002</comment>
  <comment type="Time Duration">10:00-11:00</comment>
  <comment type="Location">Bucharest, Romania</comment>
  <comment type="Warning">Overlaps are not signalled. No pho% tiers provided.</comment>
  <comment type="Situation">Antonio is in the living+room with Mother and Larisa.</comment>
  <u who="LAR" uID="u0">
    <w>la</w>
    <w>tati</w>
    <w>la</w>
    <w>serviciu</w>
    <t type="q"></t>

  </u>
  <u who="CHI" uID="u1">
    <w>nu</w>
    <t type="p"></t>

  </u>
  <u who="LAR" uID="u2">
    <w>nu</w>
    <t type="q"></t>

  </u>
  <u who="MOT" uID="u3">
    <w>iti</w>
    <w>place</w>
    <pause symbolic-length="simple"/>
    <w>ciocolata</w>
    <t type="q"></t>

  </u>
  <u who="MOT" uID="u4">
    <w>nu'i</w>
    <w>bună</w>
    <t type="p"></t>

  </u>
  <u who="CHI" uID="u5">
    <w>ba</w>
    <w>da</w>
    <t type="p"></t>

  </u>
  <u who="CHI" uID="u6">
    <w>ia</w>
    <w>să</w>
    <w>vedem</w>
    <w>după</w>
    <w>grămadă</w>
    <t type="p"></t>

  </u>
  <u who="CHI" uID="u7">
    <w>asta</w>
    <w>e</w>
    <w>după</w>
    <w>alta</w>
    <pause symbolic-length="simple"/>
    <w>Larisa</w>
    <t type="p"></t>

  </u>
  <u who="LAR" uID="u8">
    <w>aşa</w>
    <w>ţi<wk type="cli"/>ai</w>
    <w>făcut</w>
    <w>grămada</w>
    <w>ca</w>
    <w>să</w>
    <w>sari</w>
    <w>de</w>
    <w>pe</w>
    <w>ea</w>
    <t type="q"></t>

  </u>
  <u who="CHI" uID="u9">
    <w>da</w>
    <t type="p"></t>

  </u>
  <u who="CHI" uID="u10">
    <w>mi<wk type="cli"/>am</w>
    <w>pus</w>
    <w>că</w>
    <w>vroiam</w>
    <t type="trail off"></t>

  </u>
  <u who="MOT" uID="u11">
    <w>a</w>
    <w>spus</w>
    <w>că</w>
    <w>i<wk type="cli"/>am</w>
    <w>stricat</w>
    <w>grămada</w>
    <w>eu</w>
    <w>şi</w>
    <t type="trail off"></t>

  </u>
  <u who="LAR" uID="u12">
    <w>aşa</w>
    <w>face</w>
    <w>mami</w>
    <pause symbolic-length="simple"/>
    <w>nu</w>
    <t type="q"></t>

  </u>
</CHAT>